year,revenue,gross_profit,operating_income,net_income,assets,current_assets,cash,receivables,inventory,liabilities,current_liabilities,equity,cfo,avg_assets,avg_equity,revenue_growth,gross_margin,operating_margin,net_margin,roa,roe,current_ratio,debt_ratio,equity_ratio,cfo_net_income,total_asset_turnover
2016,201866745000000.0,81589030000000.0,29240672000000.0,22726092000000.0,262174324000000.0,141429704000000.0,32111442000000.0,24279211000000.0,18353503000000.0,69211291000000.0,54704095000000.0,192963033000000.0,47385644000000.0,,,,0.4041727130439439,0.14485135726540793,0.11257967229817868,,,2.58535862808808,0.35867642586235676,0.7360104149634424,2.085076659902635,
2017,239575376000000.0,110284715000000.0,53645038000000.0,42186747000000.0,301752090000000.0,146982464000000.0,30545130000000.0,27695995000000.0,24983355000000.0,87260662000000.0,67175114000000.0,214491428000000.0,62162041000000.0,281963207000000.0,203727230500000.0,0.18679961872868156,0.4603340996113056,0.22391716083542743,0.17608966206944407,0.14961791451038503,0.20707466005630504,2.1880493422013396,0.4068258709154568,0.7108200244777095,1.4734969017639592,0.8496689286130867
2018,243771415000000.0,111377004000000.0,58886669000000.0,44344857000000.0,339357244000000.0,174697424000000.0,30340505000000.0,33867733000000.0,28984704000000.0,91604067000000.0,69081510000000.0,247753177000000.0,67031863000000.0,320554667000000.0,231122302500000.0,0.01751448362539554,0.4568911576445499,0.241565111315451,0.18191163635818416,0.1383378923009098,0.1918674940511204,2.5288593720664183,0.3697392223551587,0.7300659743688866,1.5116039950247218,0.7604675273687405
2019,230400881000000.0,83161332000000.0,27768509000000.0,21738865000000.0,352564497000000.0,181385260000000.0,26885999000000.0,35131343000000.0,26766464000000.0,89684076000000.0,63782764000000.0,262880421000000.0,45382915000000.0,345960870500000.0,255316799000000.0,-0.054848654014663656,0.36094190108587304,0.12052258168231571,0.09435235189052944,0.06283619580613814,0.08514467158112851,2.8437974246459437,0.34115920713623626,0.745623632659757,2.087639580079273,0.6659738156717351
2020,236806988000000.0,92318692000000.0,35993876000000.0,26407832000000.0,378235718000000.0,198215579000000.0,29382578000000.0,30965058000000.0,32043145000000.0,102287702000000.0,75604351000000.0,275948016000000.0,65287009000000.0,365400107500000.0,269414218500000.0,0.02780417753697728,0.38984783675387147,0.15199668009797077,0.1115162699506148,0.07227100227385674,0.09801944435980092,2.6217483038773786,0.3706774322305691,0.7295662542372585,2.4722593282174774,0.6480758575036818
2021,279604799000000.0,113193457000000.0,51633856000000.0,39907450000000.0,426621158000000.0,218163185000000.0,39031415000000.0,40713415000000.0,41384404000000.0,121721227000000.0,88117133000000.0,304899931000000.0,65105448000000.0,402428438000000.0,290423973500000.0,0.18072866582805402,0.4048337417842388,0.18466727389754137,0.14272805811176367,0.09916657530052585,0.13741100474269216,2.475831629701343,0.39921697128885214,0.7146854423005434,1.6314108769164655,0.6947938381034593
2022,302231360000000.0,112189590000000.0,43376630000000.0,55654077000000.0,448424507000000.0,218470581000000.0,49680710000000.0,35721563000000.0,52187866000000.0,93674903000000.0,78344852000000.0,354749604000000.0,62181346000000.0,437522832500000.0,329824767500000.0,0.08092336426600455,0.3712043316749129,0.1435212745626397,0.1841439518387503,0.1272026803309745,0.1687383195077974,2.7885760892113245,0.26405921794911996,0.7911021776514994,1.1172828542282716,0.6907784864004783
2023,,78546914000000.0,6566976000000.0,15487100000000.0,455905980000000.0,195936557000000.0,69080893000000.0,36647393000000.0,51625874000000.0,92228115000000.0,75719452000000.0,363677865000000.0,,452165243500000.0,359213734500000.0,,,,,0.03425097400260487,0.04311388600315337,2.5876647522488674,0.2535983733846436,0.7977036515292034,,
2024,300870903000000.0,114308635000000.0,32725961000000.0,34451351000000.0,514531948000000.0,227062266000000.0,53705579000000.0,43623073000000.0,51754865000000.0,112339878000000.0,93326299000000.0,402192070000000.0,,485218964000000.0,382934967500000.0,,0.3799258547776552,0.10877077402197313,0.11450542626915305,0.07100165812975108,0.08996658420858367,2.432993362353306,0.27931897811908624,0.7816658840395271,,0.6200724318763435
2025,333605938000000.0,131370425000000.0,43601051000000.0,45206805000000.0,566942110000000.0,247684612000000.0,57856378000000.0,51127642000000.0,52636828000000.0,130621773000000.0,106411348000000.0,436320337000000.0,,540737029000000.0,419256203500000.0,0.10880093313642902,0.3937892286557561,0.1306962677624761,0.135509593357418,0.08360219954531725,0.10782620417446012,2.327614645009478,0.2993712690499687,0.7696029793941396,,0.6169467229143651
